{
  "sections": {
    "template-article": {
      "type": "template-article",
      "settings": {
        "show_img": true,
        "img_orientation": "landscape-3",
        "img_thumbnail": "img-thumbnail",
        "title_size": "h1",
        "max_width": "720",
        "show_tags": true,
        "show_breadcrumbs": true,
        "show_share_btn": true,
        "pt": 0,
        "pb": 0,
        "mt": 6,
        "mb": 10
      }
    },
    "90a9a68f-208d-40a6-8e38-6893c5ef4aeb": {
      "type": "featured-products",
      "settings": {
        "products": [],
        "collection": "athletic-wear",
        "limit": 12,
        "bg_color": "bg-light text-body",
        "container": "container",
        "text_align": "text-center",
        "title": "Featured Products",
        "title_size": "h2",
        "description": "",
        "description_size": "fs-6",
        "product_img_mode": "gallery",
        "product_img_orientation": "square",
        "product_img_thumbnail": "img-thumbnail",
        "product_show_sale_badge": true,
        "product_sale_badge_color": "bg-success text-white",
        "product_title_size": "h6",
        "product_title_truncate": "text-truncate",
        "product_show_atc_form": true,
        "product_show_wishlist_btn": false,
        "carousel_arrows": true,
        "carousel_pagination": true,
        "carousel_easing": "cubic-bezier(.42,.65,.27,.99)",
        "carousel_speed": 400,
        "carousel_autoplay": false,
        "carousel_interval": 5,
        "carousel_per_move": "0",
        "carousel_rewind": true,
        "breakpoint_xs": 1,
        "breakpoint_sm": 2,
        "breakpoint_md": 2,
        "breakpoint_lg": 3,
        "breakpoint_xl": 4,
        "breakpoint_xxl": 4,
        "btn_show": false,
        "btn_text": "View more products",
        "btn_url": "",
        "btn_color": "btn-primary",
        "pt": 11,
        "pb": 9,
        "mt": 0,
        "mb": 0
      }
    }
  },
  "order": [
    "template-article",
    "90a9a68f-208d-40a6-8e38-6893c5ef4aeb"
  ]
}