{
  "sections": {
    "165268949817e427ae": {
      "type": "carousel",
      "blocks": {
        "1652689498756fb688-0": {
          "type": "slide",
          "settings": {
            "img_mobile": "shopify:\/\/shop_images\/free-image-resizer-cropper_1.png",
            "img_mobile_height": 400,
            "img_mobile_opacity": 1,
            "img_mobile_blur": 0,
            "caption_position_mobile": "carousel-caption-mobile-center",
            "img_desktop": "shopify:\/\/shop_images\/banne.jpg",
            "img_desktop_height": 630,
            "img_desktop_opacity": 1,
            "img_desktop_blur": 0,
            "caption_position_desktop": "carousel-caption-desktop-bottom",
            "subtitle": "",
            "subtitle_size": "fs-5",
            "title": "",
            "title_size": "h2",
            "description": "",
            "description_size": "fs-5",
            "btn_text": "",
            "btn_url": "",
            "btn_color": "btn-primary",
            "btn_size": "",
            "btn_secondary_text": "",
            "btn_secondary_url": "",
            "btn_secondary_color": "btn-primary",
            "btn_secondary_size": "",
            "slide_link": ""
          }
        }
      },
      "block_order": [
        "1652689498756fb688-0"
      ],
      "settings": {
        "controls": true,
        "controls_style": "carousel-controls-arrows",
        "indicators": true,
        "indicators_style": "carousel-indicators-circles",
        "autoplay": false,
        "animation": "slide",
        "ken_burns": false,
        "lazyload": false,
        "mt": 0,
        "mb": 0
      }
    },
    "1652689700430c7f0b": {
      "type": "richtext",
      "settings": {
        "bg_color": "bg-white text-dark",
        "max_width": "768",
        "text_align": "text-start",
        "title": "About Us",
        "title_size": "h1",
        "description": "<p>Ecomify is a powerful and feature-packed e-commerce theme that is designed to help you create a professional online store. <\/p><p>This theme is fully responsive and looks great on any device, making it easy for your customers to shop on the go. It comes with a range of pre-designed templates and layouts that make it easy to set up and customize your store, as well as a variety of features and tools that help you manage and promote your products. With Ecomify, you can easily add products, track inventory, process orders, and accept payments from a wide range of sources. <\/p><p>It also includes powerful SEO and marketing tools that help you drive traffic and sales to your store. Overall, Ecomify is an excellent choice for anyone looking to create a professional and successful e-commerce website.<\/p>",
        "description_size": "fs-6",
        "btn_text": "",
        "btn_url": "",
        "btn_color": "btn-outline-primary",
        "btn_size": "",
        "pt": 10,
        "pb": 10,
        "mt": 0,
        "mb": 0
      }
    },
    "751e8a6f-3175-422f-918b-79bfa3efbba6": {
      "type": "cards-with-image",
      "blocks": {
        "e6fbab57-3cca-47b2-bb1b-e2b18653ae1b": {
          "type": "item",
          "settings": {
            "text_align": "text-start",
            "shadow": "shadow-sm",
            "border_color": "",
            "border_width": 1,
            "img": "shopify:\/\/shop_images\/fesfe.jpg",
            "img_orientation": "landscape",
            "img_crop": "center",
            "title": "John Doe",
            "title_size": "h5",
            "description": "<p>Team Position<\/p>",
            "description_size": "fs-6",
            "btn_text": "Learn more",
            "btn_url": "",
            "btn_color": "btn-outline-primary",
            "btn_size": "btn-sm"
          }
        },
        "751a5030-aaaa-44b1-bca1-8f5d9a811a8b": {
          "type": "item",
          "settings": {
            "text_align": "text-start",
            "shadow": "shadow-sm",
            "border_color": "",
            "border_width": 1,
            "img": "shopify:\/\/shop_images\/women-hoo.jpg",
            "img_orientation": "landscape",
            "img_crop": "center",
            "title": "Jane Doe",
            "title_size": "h5",
            "description": "<p>Team Position<\/p>",
            "description_size": "fs-6",
            "btn_text": "Learn more",
            "btn_url": "",
            "btn_color": "btn-outline-primary",
            "btn_size": "btn-sm"
          }
        },
        "13b37b67-199f-46d5-9083-3e27d855729b": {
          "type": "item",
          "settings": {
            "text_align": "text-start",
            "shadow": "shadow-sm",
            "border_color": "",
            "border_width": 1,
            "img": "shopify:\/\/shop_images\/tshir_111dace1-cc8d-4ac2-b271-05243581462f.png",
            "img_orientation": "landscape",
            "img_crop": "center",
            "title": "John Doe",
            "title_size": "h5",
            "description": "<p>Team Position<\/p>",
            "description_size": "fs-6",
            "btn_text": "Learn more",
            "btn_url": "",
            "btn_color": "btn-outline-primary",
            "btn_size": "btn-sm"
          }
        },
        "4eb76491-34b9-433c-b644-3e29b11754cf": {
          "type": "item",
          "settings": {
            "text_align": "text-start",
            "shadow": "shadow-sm",
            "border_color": "",
            "border_width": 1,
            "img": "shopify:\/\/shop_images\/fjf_b75b00fa-36e3-40f9-ba11-2dd9f319455f.jpg",
            "img_orientation": "landscape",
            "img_crop": "center",
            "title": "Jane Doe",
            "title_size": "h5",
            "description": "<p>Team Position<\/p>",
            "description_size": "fs-6",
            "btn_text": "Learn more",
            "btn_url": "",
            "btn_color": "btn-outline-primary",
            "btn_size": "btn-sm"
          }
        }
      },
      "block_order": [
        "e6fbab57-3cca-47b2-bb1b-e2b18653ae1b",
        "751a5030-aaaa-44b1-bca1-8f5d9a811a8b",
        "13b37b67-199f-46d5-9083-3e27d855729b",
        "4eb76491-34b9-433c-b644-3e29b11754cf"
      ],
      "settings": {
        "bg_color": "bg-light text-body",
        "container": "container",
        "text_align": "text-center",
        "title": "Increase Conversions with Image Cards",
        "title_size": "h3",
        "description": "<p>Cards with image cards can be highly effective as they provide users with a clear <br\/>and concise overview of the product or service being offered.<\/p>",
        "description_size": "fs-6",
        "breakpoint_xs_scroll": true,
        "breakpoint_xs": 1,
        "breakpoint_sm": 1,
        "breakpoint_md": 2,
        "breakpoint_lg": 2,
        "breakpoint_xl": 4,
        "breakpoint_xxl": 4,
        "pt": 10,
        "pb": 10,
        "mt": 0,
        "mb": 0
      }
    },
    "bcc4442b-9440-4589-9f26-b0c513404d8c": {
      "type": "image-with-text",
      "settings": {
        "bg_color": "",
        "container": "container",
        "max_width": "",
        "text_align": "text-start",
        "image": "shopify:\/\/shop_images\/mockup-of-a-man-showing-off-his-dad-hat-in-a-studio-27046.png",
        "img_orientation": "landscape",
        "img_crop": "center",
        "img_thumbnail": "img-thumbnail",
        "img_align_desktop": "flex-lg-row",
        "title": "Increase Conversions with Image Text",
        "title_size": "h3",
        "subtitle": "communicate the unique value proposition",
        "subtitle_size": "fs-6",
        "description": "<p>Image text overlays are a powerful design element that combines a strong visual image with a clear and concise message. This design technique is particularly effective in attracting and engaging users, as it captures their attention and communicates important information in a visually appealing way.<\/p><p> image text overlays can be highly effective in driving action from users. By presenting key information in a clear and concise manner, businesses can encourage users to take specific actions, such as making a purchase or signing up for a service. The visual appeal of image text overlays can also help to build trust with users and establish a stronger emotional connection with the brand.<\/p>",
        "description_size": "fs-6",
        "btn_text": "Shop now",
        "btn_url": "shopify:\/\/collections\/all",
        "btn_color": "btn-primary",
        "btn_size": "",
        "pt": 10,
        "pb": 10,
        "mt": 0,
        "mb": 0
      }
    },
    "d751c1ef-ae9a-4d2f-b415-f968dcca9f73": {
      "type": "separator",
      "settings": {
        "full_width": false,
        "opacity": 0.1,
        "mt": 0,
        "mb": 0
      }
    },
    "55f12060-bd1c-4134-9ffc-7b91fac745ee": {
      "type": "instagram-gallery",
      "blocks": {
        "67cab255-13e6-4d61-8005-5ad19aa18b97": {
          "type": "post",
          "settings": {
            "img": "shopify:\/\/shop_images\/fjf_b75b00fa-36e3-40f9-ba11-2dd9f319455f.jpg",
            "url": "",
            "likes": "24",
            "comments": "12"
          }
        },
        "e3139897-47db-4627-9d36-60b090cea553": {
          "type": "post",
          "settings": {
            "img": "shopify:\/\/shop_images\/maik.jpg",
            "url": "",
            "likes": "24",
            "comments": "12"
          }
        },
        "26630e27-bdc4-462e-87cc-a930f8680157": {
          "type": "post",
          "settings": {
            "img": "shopify:\/\/shop_images\/hatman_45271344-af0e-4d51-9d2e-e74780617c9e.png",
            "url": "",
            "likes": "24",
            "comments": "12"
          }
        },
        "39269685-f78b-484f-95d3-c9451cfd79cd": {
          "type": "post",
          "settings": {
            "img": "shopify:\/\/shop_images\/women-hoo.jpg",
            "url": "",
            "likes": "24",
            "comments": "12"
          }
        },
        "0eca41cb-040e-4fbb-b286-076d8c09ac42": {
          "type": "post",
          "settings": {
            "img": "shopify:\/\/shop_images\/tshir_111dace1-cc8d-4ac2-b271-05243581462f.png",
            "url": "",
            "likes": "24",
            "comments": "12"
          }
        },
        "378b7e77-470e-44ee-9039-f60f2f5db481": {
          "type": "post",
          "settings": {
            "img": "shopify:\/\/shop_images\/trestimon.jpg",
            "url": "",
            "likes": "24",
            "comments": "12"
          }
        }
      },
      "block_order": [
        "67cab255-13e6-4d61-8005-5ad19aa18b97",
        "e3139897-47db-4627-9d36-60b090cea553",
        "26630e27-bdc4-462e-87cc-a930f8680157",
        "39269685-f78b-484f-95d3-c9451cfd79cd",
        "0eca41cb-040e-4fbb-b286-076d8c09ac42",
        "378b7e77-470e-44ee-9039-f60f2f5db481"
      ],
      "settings": {
        "bg_color": "",
        "text_align": "text-center",
        "title": "Drive Conversions with Instagram",
        "title_size": "h3",
        "title_branded": false,
        "description": "<p>Instagram is a visual platform that allows businesses to showcase their products or services in a visually appealing way, which can be particularly effective in attracting new customers.<\/p>",
        "description_size": "fs-6",
        "btn_show": true,
        "btn_text": "Follow @ecomgraduates",
        "btn_url": "https:\/\/www.instagram.com\/ecomgraduates\/",
        "btn_color": "btn-primary",
        "btn_icon_show": true,
        "img_orientation": "square",
        "img_thumbnail": "",
        "carousel_arrows": true,
        "carousel_easing": "cubic-bezier(.42,.65,.27,.99)",
        "carousel_speed": 1,
        "carousel_direction": "left",
        "carousel_gap": 4,
        "breakpoint_xs": 2,
        "breakpoint_sm": 2,
        "breakpoint_md": 3,
        "breakpoint_lg": 4,
        "breakpoint_xl": 5,
        "breakpoint_xxl": 6,
        "pt": 9,
        "pb": 2,
        "mt": 0,
        "mb": 0
      }
    }
  },
  "order": [
    "165268949817e427ae",
    "1652689700430c7f0b",
    "751e8a6f-3175-422f-918b-79bfa3efbba6",
    "bcc4442b-9440-4589-9f26-b0c513404d8c",
    "d751c1ef-ae9a-4d2f-b415-f968dcca9f73",
    "55f12060-bd1c-4134-9ffc-7b91fac745ee"
  ]
}