{
  "sections": {
    "23e845c6-1e65-48b9-b6fb-62265282463d": {
      "type": "contact-form",
      "blocks": {
        "614649d5-0657-49ac-bb8d-381c46c3b023": {
          "type": "input_field",
          "settings": {
            "type": "text",
            "label": "Name",
            "required": true
          }
        },
        "af8809a3-e618-403d-b98b-a3981ba2faed": {
          "type": "input_field",
          "settings": {
            "type": "email",
            "label": "Email address",
            "required": true
          }
        },
        "0570be8b-e79a-468f-bf54-e0426442aaaf": {
          "type": "input_field",
          "settings": {
            "type": "text",
            "label": "Phone",
            "required": false
          }
        },
        "927de99a-0a7b-42ba-a2e6-0eea6d3f8207": {
          "type": "text",
          "settings": {
            "title": "Text Option",
            "title_size": "h5",
            "description": "<p>You may also add free text to the form where you can explain various information to your users, on any position within your form. How cool is that?!<\/p>",
            "description_size": "fs-6"
          }
        },
        "5b110889-5b8c-4b44-8b1a-f8250cc85f4f": {
          "type": "select",
          "settings": {
            "label": "Select City",
            "required": true,
            "options": "New York, London, Paris"
          }
        },
        "e2221772-ca41-4031-86bf-36d4f16d71af": {
          "type": "input_field",
          "settings": {
            "type": "date",
            "label": "Date",
            "required": true
          }
        },
        "a15d8b18-602f-4e39-8ea6-d6ff3fd96fed": {
          "type": "checkbox_radio",
          "settings": {
            "type": "checkbox",
            "label": "Select City",
            "options": "New York, London, Paris"
          }
        },
        "eb973e33-3c9e-4dfa-b806-e775d06b4ed9": {
          "type": "range",
          "settings": {
            "label": "Rate us",
            "required": true,
            "min_value": "0",
            "max_value": "10",
            "step": "1"
          }
        },
        "b0f8f658-ac15-4d5a-be09-7bf54ab9609a": {
          "type": "submit_btn",
          "settings": {
            "btn_text": "Send",
            "btn_color": "btn-primary"
          }
        }
      },
      "block_order": [
        "614649d5-0657-49ac-bb8d-381c46c3b023",
        "af8809a3-e618-403d-b98b-a3981ba2faed",
        "0570be8b-e79a-468f-bf54-e0426442aaaf",
        "927de99a-0a7b-42ba-a2e6-0eea6d3f8207",
        "5b110889-5b8c-4b44-8b1a-f8250cc85f4f",
        "e2221772-ca41-4031-86bf-36d4f16d71af",
        "a15d8b18-602f-4e39-8ea6-d6ff3fd96fed",
        "eb973e33-3c9e-4dfa-b806-e775d06b4ed9",
        "b0f8f658-ac15-4d5a-be09-7bf54ab9609a"
      ],
      "settings": {
        "bg_color": "bg-light text-body",
        "bg_gradient": false,
        "max_width": "996",
        "title": "Contact us",
        "title_size": "h1",
        "description": "<p>We would like to inform you that due to the overwhelming demand during the holiday season, our support team may require up to 24 hours to respond to your inquiries. <\/p>",
        "description_size": "fs-6",
        "form_fields_size": "md",
        "form_success_msg": "<p>Thanks for contacting us. We'll get back to you as soon as possible.<\/p>",
        "pt": 11,
        "pb": 11,
        "mt": 0,
        "mb": 0
      }
    },
    "c69ff659-6f9d-4b67-bca0-edfd3246b48d": {
      "type": "html",
      "settings": {
        "html": "<iframe src=\"https:\/\/www.google.com\/maps\/embed?pb=!1m18!1m12!1m3!1d11697.188254074863!2d-76.23437135293975!3d42.8665737218795!2m3!1f0!2f0!3f0!3m2!1i1024!2i768!4f13.1!3m3!1m2!1s0x89da1b9b9e86b1c9%3A0xc6597746149d9814!2sOticso%20Highway%20Department!5e0!3m2!1sen!2sus!4v1686512515445!5m2!1sen!2sus\" width=\"100%\" height=\"450\" style=\"border:0;\" allowfullscreen=\"\" loading=\"lazy\" referrerpolicy=\"no-referrer-when-downgrade\"><\/iframe>",
        "bg_color": "",
        "bg_gradient": false,
        "container": "container",
        "text_align": "text-center",
        "title": "",
        "title_size": "h2",
        "description": "",
        "description_size": "fs-6",
        "pt": 0,
        "pb": 13,
        "mt": 0,
        "mb": 0
      }
    }
  },
  "order": [
    "23e845c6-1e65-48b9-b6fb-62265282463d",
    "c69ff659-6f9d-4b67-bca0-edfd3246b48d"
  ]
}