{
  "sections": {
    "16362755981cd0f0ec": {
      "type": "faq",
      "blocks": {
        "16362755981cd0f0ec-0": {
          "type": "text",
          "settings": {
            "title": "Where do you ship?",
            "description": "<p>We ship all around the world... Please provide here you own shipping information, including times, prices, options etc.<\/p>",
            "img_orientation": "landscape",
            "img_crop": "center",
            "img_thumbnail": "img-thumbnail",
            "img_align_desktop": "flex-lg-row"
          }
        },
        "16362755981cd0f0ec-1": {
          "type": "text",
          "settings": {
            "title": "How do I place an order?",
            "description": "<p>This depends on whether it is an International or a Domestic order. All orders within the U.S. are considered domestic orders and they are shipped and delivered within 2-5 business days. Please see International Orders for more details.<\/p>",
            "img_orientation": "landscape",
            "img_crop": "center",
            "img_thumbnail": "img-thumbnail",
            "img_align_desktop": "flex-lg-row"
          }
        },
        "16362755981cd0f0ec-2": {
          "type": "text",
          "settings": {
            "title": "How long will it take for my order to arrive?",
            "description": "<p>We accept PayPal, Visa, MasterCard, Discover, and American Express but feel free to contact us for other payment options.<\/p>",
            "img_orientation": "landscape",
            "img_crop": "center",
            "img_thumbnail": "img-thumbnail",
            "img_align_desktop": "flex-lg-row"
          }
        },
        "16362755981cd0f0ec-3": {
          "type": "text",
          "settings": {
            "title": "What forms of payment do you accept?",
            "description": "<p>We will send tracking information to the e-mail address associated with your order once the item has shipped. If you have not received your tracking information and it has been over 2 business day, please contact us at (012) 123 - 4567<\/p>",
            "img_orientation": "landscape",
            "img_crop": "center",
            "img_thumbnail": "img-thumbnail",
            "img_align_desktop": "flex-lg-row"
          }
        },
        "16362755981cd0f0ec-4": {
          "type": "text",
          "settings": {
            "title": "Can I return or exchange an item?",
            "description": "<p>When ordering as a gift for someone, be sure to enter in your email address to receive all summary information but enter in the recipient’s name and shipping information. We will be sure to keep all prices and receipts out of the package.<\/p>",
            "img_orientation": "landscape",
            "img_crop": "center",
            "img_thumbnail": "img-thumbnail",
            "img_align_desktop": "flex-lg-row"
          }
        },
        "16362755981cd0f0ec-5": {
          "type": "text",
          "settings": {
            "title": "Do you offer a warranty on your products?",
            "description": "<p>If for any reason you are not completely satisfied with your purchase, within 30 days of placing your order, we will refund you for your purchase with no questions asked.<\/p>",
            "img_orientation": "landscape",
            "img_crop": "center",
            "img_thumbnail": "img-thumbnail",
            "img_align_desktop": "flex-lg-row"
          }
        }
      },
      "block_order": [
        "16362755981cd0f0ec-0",
        "16362755981cd0f0ec-1",
        "16362755981cd0f0ec-2",
        "16362755981cd0f0ec-3",
        "16362755981cd0f0ec-4",
        "16362755981cd0f0ec-5"
      ],
      "settings": {
        "bg_color": "",
        "bg_gradient": false,
        "max_width": "900",
        "accordion_style": "accordion-default",
        "text_align": "text-center",
        "title": "Informative FAQ Section",
        "title_size": "h2",
        "description": "<p>By providing answers to common questions that potential customers may have, businesses can alleviate any doubts or concerns that may be preventing them from taking action.<\/p>",
        "description_size": "fs-6",
        "img_orientation": "landscape",
        "img_crop": "center",
        "img_thumbnail": "img-thumbnail",
        "img_align_desktop": "flex-lg-row",
        "pt": 9,
        "pb": 0,
        "mt": 0,
        "mb": 10
      }
    },
    "16362756175b67188d": {
      "type": "faq",
      "blocks": {
        "16362756175b67188d-0": {
          "type": "text",
          "settings": {
            "title": "Where do you ship?",
            "description": "<p>We ship all around the world... Please provide here you own shipping information, including times, prices, options etc.<\/p>",
            "img_orientation": "landscape",
            "img_crop": "center",
            "img_thumbnail": "img-thumbnail",
            "img_align_desktop": "flex-lg-row"
          }
        },
        "16362756175b67188d-1": {
          "type": "text",
          "settings": {
            "title": "Do you ship internationally?",
            "description": "<p>This depends on whether it is an International or a Domestic order. All orders within the U.S. are considered domestic orders and they are shipped and delivered within 2-5 business days. Please see International Orders for more details.<\/p>",
            "img_orientation": "landscape",
            "img_crop": "center",
            "img_thumbnail": "img-thumbnail",
            "img_align_desktop": "flex-lg-row"
          }
        },
        "16362756175b67188d-2": {
          "type": "text",
          "settings": {
            "title": "Do you offer bulk discounts?",
            "description": "<p>We accept PayPal, Visa, MasterCard, Discover, and American Express but feel free to contact us for other payment options.<\/p>",
            "img_orientation": "landscape",
            "img_crop": "center",
            "img_thumbnail": "img-thumbnail",
            "img_align_desktop": "flex-lg-row"
          }
        },
        "16362756175b67188d-3": {
          "type": "text",
          "settings": {
            "title": "How do I use a promotional code?",
            "description": "<p>We will send tracking information to the e-mail address associated with your order once the item has shipped. If you have not received your tracking information and it has been over 2 business day, please contact us at (012) 123 - 4567<\/p>",
            "img_orientation": "landscape",
            "img_crop": "center",
            "img_thumbnail": "img-thumbnail",
            "img_align_desktop": "flex-lg-row"
          }
        },
        "16362756175b67188d-4": {
          "type": "text",
          "settings": {
            "title": "Do you have a size chart available?",
            "description": "<p>When ordering as a gift for someone, be sure to enter in your email address to receive all summary information but enter in the recipient’s name and shipping information. We will be sure to keep all prices and receipts out of the package.<\/p>",
            "img_orientation": "landscape",
            "img_crop": "center",
            "img_thumbnail": "img-thumbnail",
            "img_align_desktop": "flex-lg-row"
          }
        },
        "16362756175b67188d-5": {
          "type": "text",
          "settings": {
            "title": "Can I cancel or change my order once it has been placed?",
            "description": "<p>If for any reason you are not completely satisfied with your purchase, within 30 days of placing your order, we will refund you for your purchase with no questions asked.<\/p>",
            "img_orientation": "landscape",
            "img_crop": "center",
            "img_thumbnail": "img-thumbnail",
            "img_align_desktop": "flex-lg-row"
          }
        }
      },
      "block_order": [
        "16362756175b67188d-0",
        "16362756175b67188d-1",
        "16362756175b67188d-2",
        "16362756175b67188d-3",
        "16362756175b67188d-4",
        "16362756175b67188d-5"
      ],
      "settings": {
        "bg_color": "",
        "bg_gradient": false,
        "max_width": "900",
        "accordion_style": "accordion-default",
        "text_align": "text-center",
        "title": "Shipping",
        "title_size": "h2",
        "description": "<p>By showcasing products that are frequently purchased together or based on a customer's browsing and purchase history,<br\/> it can help drive additional sales and increase order values.<\/p>",
        "description_size": "fs-6",
        "img_orientation": "landscape",
        "img_crop": "center",
        "img_thumbnail": "img-thumbnail",
        "img_align_desktop": "flex-lg-row",
        "pt": 0,
        "pb": 0,
        "mt": 0,
        "mb": 10
      }
    },
    "1636275627013a4cd3": {
      "type": "faq",
      "blocks": {
        "1636275627013a4cd3-0": {
          "type": "text",
          "settings": {
            "title": "Where do you ship?",
            "description": "<p>We ship all around the world... Please provide here you own shipping information, including times, prices, options etc.<\/p>",
            "img_orientation": "landscape",
            "img_crop": "center",
            "img_thumbnail": "img-thumbnail",
            "img_align_desktop": "flex-lg-row"
          }
        },
        "1636275627013a4cd3-1": {
          "type": "text",
          "settings": {
            "title": "How long will it take to receive my order",
            "description": "<p>This depends on whether it is an International or a Domestic order. All orders within the U.S. are considered domestic orders and they are shipped and delivered within 2-5 business days. Please see International Orders for more details.<\/p>",
            "img_orientation": "landscape",
            "img_crop": "center",
            "img_thumbnail": "img-thumbnail",
            "img_align_desktop": "flex-lg-row"
          }
        },
        "1636275627013a4cd3-2": {
          "type": "text",
          "settings": {
            "title": "What payment methods do you support?",
            "description": "<p>We accept PayPal, Visa, MasterCard, Discover, and American Express but feel free to contact us for other payment options.<\/p>",
            "img_orientation": "landscape",
            "img_crop": "center",
            "img_thumbnail": "img-thumbnail",
            "img_align_desktop": "flex-lg-row"
          }
        },
        "1636275627013a4cd3-3": {
          "type": "text",
          "settings": {
            "title": "How can I track my order?",
            "description": "<p>We will send tracking information to the e-mail address associated with your order once the item has shipped. If you have not received your tracking information and it has been over 2 business day, please contact us at (012) 123 - 4567<\/p>",
            "img_orientation": "landscape",
            "img_crop": "center",
            "img_thumbnail": "img-thumbnail",
            "img_align_desktop": "flex-lg-row"
          }
        },
        "1636275627013a4cd3-4": {
          "type": "text",
          "settings": {
            "title": "Can I order as a gift for someone else?",
            "description": "<p>When ordering as a gift for someone, be sure to enter in your email address to receive all summary information but enter in the recipient’s name and shipping information. We will be sure to keep all prices and receipts out of the package.<\/p>",
            "img_orientation": "landscape",
            "img_crop": "center",
            "img_thumbnail": "img-thumbnail",
            "img_align_desktop": "flex-lg-row"
          }
        },
        "1636275627013a4cd3-5": {
          "type": "text",
          "settings": {
            "title": "How can I get a refund for my order?",
            "description": "<p>If for any reason you are not completely satisfied with your purchase, within 30 days of placing your order, we will refund you for your purchase with no questions asked.<\/p>",
            "img_orientation": "landscape",
            "img_crop": "center",
            "img_thumbnail": "img-thumbnail",
            "img_align_desktop": "flex-lg-row"
          }
        }
      },
      "block_order": [
        "1636275627013a4cd3-0",
        "1636275627013a4cd3-1",
        "1636275627013a4cd3-2",
        "1636275627013a4cd3-3",
        "1636275627013a4cd3-4",
        "1636275627013a4cd3-5"
      ],
      "settings": {
        "bg_color": "",
        "bg_gradient": false,
        "max_width": "900",
        "accordion_style": "accordion-default",
        "text_align": "text-center",
        "title": "Payments",
        "title_size": "h2",
        "description": "<p>By showcasing products that are frequently purchased together or based on a customer's browsing and purchase history,<br\/> it can help drive additional sales and increase order values.<\/p>",
        "description_size": "fs-6",
        "img_orientation": "landscape",
        "img_crop": "center",
        "img_thumbnail": "img-thumbnail",
        "img_align_desktop": "flex-lg-row",
        "pt": 0,
        "pb": 0,
        "mt": 0,
        "mb": 11
      }
    },
    "618cf5cf-2c8b-4d18-aefe-c5b9736a9449": {
      "type": "featured-products",
      "settings": {
        "products": [
          "ecomify-coffee-craze-cup",
          "ecomify-beauty-cleanser-kit",
          "ecomify-sports-bra",
          "ecomify-mug",
          "ecomify-moisturizer",
          "ecomify-iphone-case",
          "ecomify-next-level-pullover-hoodie",
          "ecomfiy-journal",
          "ecomify-versi-shoes"
        ],
        "collection": "",
        "limit": 12,
        "bg_color": "",
        "container": "container",
        "text_align": "text-center",
        "title": "Featured Products",
        "title_size": "h2",
        "description": "",
        "description_size": "fs-6",
        "product_img_mode": "gallery",
        "product_img_orientation": "square",
        "product_img_thumbnail": "img-thumbnail",
        "product_show_sale_badge": true,
        "product_sale_badge_color": "bg-success text-white",
        "product_title_size": "h6",
        "product_title_truncate": "text-truncate",
        "product_show_atc_form": true,
        "product_form_show_inventory": true,
        "carousel_enable": true,
        "carousel_arrows": true,
        "carousel_pagination": false,
        "carousel_easing": "cubic-bezier(.42,.65,.27,.99)",
        "carousel_speed": 400,
        "carousel_autoplay": false,
        "carousel_interval": 5,
        "carousel_per_move": "0",
        "carousel_rewind": true,
        "breakpoint_xs": 1,
        "breakpoint_sm": 2,
        "breakpoint_md": 2,
        "breakpoint_lg": 3,
        "breakpoint_xl": 4,
        "breakpoint_xxl": 4,
        "btn_show": false,
        "btn_text": "View more products",
        "btn_url": "",
        "btn_color": "btn-primary",
        "pt": 11,
        "pb": 11,
        "mt": 0,
        "mb": 0
      }
    }
  },
  "order": [
    "16362755981cd0f0ec",
    "16362756175b67188d",
    "1636275627013a4cd3",
    "618cf5cf-2c8b-4d18-aefe-c5b9736a9449"
  ]
}