{
  "sections": {
    "template-product": {
      "type": "template-product",
      "blocks": {
        "275c1069-4375-4856-a748-6c6eefa426b2": {
          "type": "value_props",
          "disabled": true,
          "settings": {
            "position": "before-form-after-liquid",
            "content": "fas fa-chess-pawn: test1,\nfas fa-check-circle: test2,\nfar fa-check-circle: test3,\nfas fa-check-square: test4,"
          }
        },
        "1e2877a8-782c-4685-83de-99689b97b0f1": {
          "type": "liquid_code",
          "disabled": true,
          "settings": {
            "position": "after-form",
            "liquid": "<p class=\"text-primary fs-3 mb-0\">\"Customer review here\"<\/p>"
          }
        },
        "04bfb8bd-9af6-4f89-9cac-ed8686333dbc": {
          "type": "product_form",
          "settings": {}
        },
        "f5c07dde-7d01-424b-93fe-883445c3fd3a": {
          "type": "product_accordian",
          "settings": {}
        },
        "9bcd0fdf-578a-47f6-bc90-d14ef3dbeaa5": {
          "type": "richtext",
          "settings": {
            "title": "Shipping & Returns",
            "description": "<p>Shipping Policy:<\/p><ul><li>We ship to all locations within the United States and internationally.<\/li><li>Orders are typically processed and shipped within 2-3 business days.<\/li><li>Shipping rates will vary based on the size and weight of the item(s) and the destination.<\/li><li>Expedited shipping options are available for an additional cost.<\/li><\/ul>",
            "accordion_icon": "<svg xmlns=\"http:\/\/www.w3.org\/2000\/svg\" width=\"20\" height=\"20\" fill=\"currentColor\" class=\"bi bi-truck\" viewbox=\"0 0 16 16\">\n  <path d=\"M0 3.5A1.5 1.5 0 0 1 1.5 2h9A1.5 1.5 0 0 1 12 3.5V5h1.02a1.5 1.5 0 0 1 1.17.563l1.481 1.85a1.5 1.5 0 0 1 .329.938V10.5a1.5 1.5 0 0 1-1.5 1.5H14a2 2 0 1 1-4 0H5a2 2 0 1 1-3.998-.085A1.5 1.5 0 0 1 0 10.5v-7zm1.294 7.456A1.999 1.999 0 0 1 4.732 11h5.536a2.01 2.01 0 0 1 .732-.732V3.5a.5.5 0 0 0-.5-.5h-9a.5.5 0 0 0-.5.5v7a.5.5 0 0 0 .294.456zM12 10a2 2 0 0 1 1.732 1h.768a.5.5 0 0 0 .5-.5V8.35a.5.5 0 0 0-.11-.312l-1.48-1.85A.5.5 0 0 0 13.02 6H12v4zm-9 1a1 1 0 1 0 0 2 1 1 0 0 0 0-2zm9 0a1 1 0 1 0 0 2 1 1 0 0 0 0-2z\"><\/path>\n<\/svg>"
          }
        },
        "58913963-afac-40f1-aaef-9a8b2084dc99": {
          "type": "product_description",
          "settings": {
            "title": "Details",
            "within_accordion": true,
            "accordion_icon": "<svg xmlns=\"http:\/\/www.w3.org\/2000\/svg\" width=\"20\" height=\"20\" fill=\"currentColor\" class=\"bi bi-card-text\" viewbox=\"0 0 16 16\">\n  <path d=\"M14.5 3a.5.5 0 0 1 .5.5v9a.5.5 0 0 1-.5.5h-13a.5.5 0 0 1-.5-.5v-9a.5.5 0 0 1 .5-.5h13zm-13-1A1.5 1.5 0 0 0 0 3.5v9A1.5 1.5 0 0 0 1.5 14h13a1.5 1.5 0 0 0 1.5-1.5v-9A1.5 1.5 0 0 0 14.5 2h-13z\"><\/path>\n  <path d=\"M3 5.5a.5.5 0 0 1 .5-.5h9a.5.5 0 0 1 0 1h-9a.5.5 0 0 1-.5-.5zM3 8a.5.5 0 0 1 .5-.5h9a.5.5 0 0 1 0 1h-9A.5.5 0 0 1 3 8zm0 2.5a.5.5 0 0 1 .5-.5h6a.5.5 0 0 1 0 1h-6a.5.5 0 0 1-.5-.5z\"><\/path>\n<\/svg>"
          }
        },
        "1ac5c389-9eca-4918-825b-4dc345323f88": {
          "type": "trust_badges",
          "settings": {
            "label": "Trust badges list",
            "max_width": "400",
            "col_size": "col-4",
            "icon_1": "<svg xmlns=\"http:\/\/www.w3.org\/2000\/svg\" width=\"24\" height=\"24\" fill=\"currentColor\" class=\"bi bi-trophy\" viewbox=\"0 0 16 16\">\n  <path d=\"M2.5.5A.5.5 0 0 1 3 0h10a.5.5 0 0 1 .5.5c0 .538-.012 1.05-.034 1.536a3 3 0 1 1-1.133 5.89c-.79 1.865-1.878 2.777-2.833 3.011v2.173l1.425.356c.194.048.377.135.537.255L13.3 15.1a.5.5 0 0 1-.3.9H3a.5.5 0 0 1-.3-.9l1.838-1.379c.16-.12.343-.207.537-.255L6.5 13.11v-2.173c-.955-.234-2.043-1.146-2.833-3.012a3 3 0 1 1-1.132-5.89A33.076 33.076 0 0 1 2.5.5zm.099 2.54a2 2 0 0 0 .72 3.935c-.333-1.05-.588-2.346-.72-3.935zm10.083 3.935a2 2 0 0 0 .72-3.935c-.133 1.59-.388 2.885-.72 3.935zM3.504 1c.007.517.026 1.006.056 1.469.13 2.028.457 3.546.87 4.667C5.294 9.48 6.484 10 7 10a.5.5 0 0 1 .5.5v2.61a1 1 0 0 1-.757.97l-1.426.356a.5.5 0 0 0-.179.085L4.5 15h7l-.638-.479a.501.501 0 0 0-.18-.085l-1.425-.356a1 1 0 0 1-.757-.97V10.5A.5.5 0 0 1 9 10c.516 0 1.706-.52 2.57-2.864.413-1.12.74-2.64.87-4.667.03-.463.049-.952.056-1.469H3.504z\"><\/path>\n<\/svg>",
            "text_1": "No Compromises\nIn Quality",
            "icon_2": "<svg xmlns=\"http:\/\/www.w3.org\/2000\/svg\" width=\"24\" height=\"24\" fill=\"currentColor\" class=\"bi bi-arrow-through-heart\" viewbox=\"0 0 16 16\">\n  <path fill-rule=\"evenodd\" d=\"M2.854 15.854A.5.5 0 0 1 2 15.5V14H.5a.5.5 0 0 1-.354-.854l1.5-1.5A.5.5 0 0 1 2 11.5h1.793l.53-.53c-.771-.802-1.328-1.58-1.704-2.32-.798-1.575-.775-2.996-.213-4.092C3.426 2.565 6.18 1.809 8 3.233c1.25-.98 2.944-.928 4.212-.152L13.292 2 12.147.854A.5.5 0 0 1 12.5 0h3a.5.5 0 0 1 .5.5v3a.5.5 0 0 1-.854.354L14 2.707l-1.006 1.006c.236.248.44.531.6.845.562 1.096.585 2.517-.213 4.092-.793 1.563-2.395 3.288-5.105 5.08L8 13.912l-.276-.182a21.86 21.86 0 0 1-2.685-2.062l-.539.54V14a.5.5 0 0 1-.146.354l-1.5 1.5Zm2.893-4.894A20.419 20.419 0 0 0 8 12.71c2.456-1.666 3.827-3.207 4.489-4.512.679-1.34.607-2.42.215-3.185-.817-1.595-3.087-2.054-4.346-.761L8 4.62l-.358-.368c-1.259-1.293-3.53-.834-4.346.761-.392.766-.464 1.845.215 3.185.323.636.815 1.33 1.519 2.065l1.866-1.867a.5.5 0 1 1 .708.708L5.747 10.96Z\"><\/path>\n<\/svg>",
            "text_2": "100% Satisfaction\nGuarantee",
            "icon_3": "<svg xmlns=\"http:\/\/www.w3.org\/2000\/svg\" width=\"24\" height=\"24\" fill=\"currentColor\" class=\"bi bi-truck\" viewbox=\"0 0 16 16\">\n  <path d=\"M0 3.5A1.5 1.5 0 0 1 1.5 2h9A1.5 1.5 0 0 1 12 3.5V5h1.02a1.5 1.5 0 0 1 1.17.563l1.481 1.85a1.5 1.5 0 0 1 .329.938V10.5a1.5 1.5 0 0 1-1.5 1.5H14a2 2 0 1 1-4 0H5a2 2 0 1 1-3.998-.085A1.5 1.5 0 0 1 0 10.5v-7zm1.294 7.456A1.999 1.999 0 0 1 4.732 11h5.536a2.01 2.01 0 0 1 .732-.732V3.5a.5.5 0 0 0-.5-.5h-9a.5.5 0 0 0-.5.5v7a.5.5 0 0 0 .294.456zM12 10a2 2 0 0 1 1.732 1h.768a.5.5 0 0 0 .5-.5V8.35a.5.5 0 0 0-.11-.312l-1.48-1.85A.5.5 0 0 0 13.02 6H12v4zm-9 1a1 1 0 1 0 0 2 1 1 0 0 0 0-2zm9 0a1 1 0 1 0 0 2 1 1 0 0 0 0-2z\"><\/path>\n<\/svg>",
            "text_3": "Free Shipping\nFor Life",
            "icon_4": "",
            "text_4": ""
          }
        },
        "3a58e16d-a721-45d1-8a82-10887461d776": {
          "type": "show_store_availability",
          "settings": {}
        },
        "50af64f0-6ba6-49ed-8a61-639866e9099e": {
          "type": "size_chart",
          "settings": {
            "btn_color": "btn-outline-secondary",
            "title": "Size Chart",
            "img": "shopify:\/\/shop_images\/pngkey.com-shark-bite-png-3953006.png",
            "description": "<p>Some option description<\/p>",
            "page": "size-chart"
          }
        }
      },
      "block_order": [
        "275c1069-4375-4856-a748-6c6eefa426b2",
        "1e2877a8-782c-4685-83de-99689b97b0f1",
        "04bfb8bd-9af6-4f89-9cac-ed8686333dbc",
        "f5c07dde-7d01-424b-93fe-883445c3fd3a",
        "9bcd0fdf-578a-47f6-bc90-d14ef3dbeaa5",
        "58913963-afac-40f1-aaef-9a8b2084dc99",
        "1ac5c389-9eca-4918-825b-4dc345323f88",
        "3a58e16d-a721-45d1-8a82-10887461d776",
        "50af64f0-6ba6-49ed-8a61-639866e9099e"
      ],
      "settings": {
        "title_size": "h3",
        "show_vendor": true,
        "show_sku": true,
        "show_breadcrumbs": true,
        "breadcrumb_position": "top",
        "show_share_btn": true,
        "gallery_img_orientation": "square",
        "gallery_img_thumbnail": "",
        "gallery_show_thumbnails_mobile": true,
        "gallery_enable_lightbox": false,
        "form_light_bg": false,
        "form_show_qty_field": true,
        "form_show_buy_btn": true,
        "form_show_dynamic_buttons": false,
        "pt": 10,
        "pb": 6,
        "mt": 0,
        "mb": 0
      }
    },
    "19c680bf-faf9-4d74-9b07-ba4749b0f4dd": {
      "type": "richtext",
      "settings": {
        "bg_color": "",
        "bg_gradient": false,
        "max_width": "1200",
        "text_align": "text-start",
        "title": "",
        "title_size": "h4",
        "description": "<h3>Try Completely Risk-free<\/h3><h4>HASSLE-FREE RETURNS AND REFUNDS<\/h4><p>We mean it! If you are unhappy in any way within the first 30 days, we will sort out the return label for you and issue a full refund, hassle-free, no questions asked.<\/p>",
        "description_size": "fs-6",
        "btn_text": "",
        "btn_url": "",
        "btn_color": "btn-primary",
        "btn_size": "btn-md",
        "pt": 12,
        "pb": 12,
        "mt": 0,
        "mb": 0
      }
    },
    "730047f8-d7ea-46c2-93eb-8233e30596bd": {
      "type": "image-with-text",
      "settings": {
        "bg_color": "",
        "bg_gradient": false,
        "container": "container",
        "max_width": "",
        "text_align": "text-start",
        "animation": "animate__fadeInUp",
        "animation_speed": "animate__fast",
        "image": "shopify:\/\/shop_images\/sjss.jpg",
        "img_orientation": "square",
        "img_crop": "center",
        "img_thumbnail": "",
        "img_align_desktop": "flex-lg-row",
        "img_size_desktop": "1\/2",
        "title": "Efficient Storage Solution",
        "title_size": "h2",
        "subtitle": "",
        "subtitle_size": "fs-6",
        "description": "<p> With multiple pockets strategically placed throughout the pants, these cargo pants offer ample <strong>storage space for all your essentials. <\/strong><\/p><p>The various pockets allow you to keep your belongings organized and easily accessible, eliminating the need for additional bags or carrying bulky items in your hands. Whether you need to store your phone, wallet, keys, tools, or other small items,<strong> these pants have you covered.<\/strong><\/p>",
        "description_size": "fs-6",
        "btn_text": "",
        "btn_url": "",
        "btn_color": "btn-primary",
        "btn_size": "btn-md",
        "pt": 0,
        "pb": 0,
        "mt": 0,
        "mb": 0
      }
    },
    "235f34e0-bc68-453f-aef5-b7dd76a7a8b0": {
      "type": "cards-with-image",
      "blocks": {
        "20c066ca-b0e6-44ec-a64c-ad69fb2cc554": {
          "type": "item",
          "settings": {
            "text_align": "text-start",
            "shadow": "shadow-sm",
            "border_color": "",
            "border_width": 1,
            "img_orientation": "landscape",
            "img_crop": "center",
            "title": "game-changer!",
            "title_size": "h5",
            "description": "<p>These cargo pants are a game-changer! The multiple pockets provide excellent storage options for all my essentials. I can easily carry my phone, wallet, keys, and even small tools without any hassle. The adjustable waistband ensures a comfortable fit, and the pants are made of durable twill fabric. Perfect for outdoor adventures or simply running errands. Highly recommended!<\/p>",
            "description_size": "fs-6",
            "btn_text": "",
            "btn_url": "",
            "btn_color": "btn-primary",
            "btn_size": "btn-md"
          }
        },
        "ce089e78-50da-4ded-9119-743890416776": {
          "type": "item",
          "settings": {
            "text_align": "text-start",
            "shadow": "shadow-sm",
            "border_color": "",
            "border_width": 1,
            "img_orientation": "landscape",
            "img_crop": "center",
            "title": "love these cargo pants!",
            "title_size": "h5",
            "description": "<p>I absolutely love these cargo pants! The pockets are strategically placed and have plenty of room for all my belongings. I can easily organize my phone, wallet, and even a small notebook without feeling weighed down. The adjustable waistband is a fantastic feature that allows me to customize the fit. The twill fabric is sturdy and holds up well to frequent wear. These pants are my go-to choice for both style and functionality.<\/p>",
            "description_size": "fs-6",
            "btn_text": "",
            "btn_url": "",
            "btn_color": "btn-primary",
            "btn_size": "btn-md"
          }
        },
        "c211cca7-bd79-4334-87e6-b9fc75366e1c": {
          "type": "item",
          "settings": {
            "text_align": "text-start",
            "shadow": "shadow-sm",
            "border_color": "",
            "border_width": 1,
            "img_orientation": "landscape",
            "img_crop": "center",
            "title": "my new favorite",
            "title_size": "h5",
            "description": "<p>These cargo pants have become my new favorite! The pockets are a dream come true for someone like me who needs to carry a lot of small items. The adjustable waistband is a lifesaver, ensuring a comfortable fit all day long. The twill fabric feels great and is surprisingly durable. Whether I'm hiking, traveling, or just running errands, these pants provide the perfect combination of style and utility. I highly recommend them to anyone in need of versatile and practical pants.<\/p>",
            "description_size": "fs-6",
            "btn_text": "",
            "btn_url": "",
            "btn_color": "btn-primary",
            "btn_size": "btn-md"
          }
        }
      },
      "block_order": [
        "20c066ca-b0e6-44ec-a64c-ad69fb2cc554",
        "ce089e78-50da-4ded-9119-743890416776",
        "c211cca7-bd79-4334-87e6-b9fc75366e1c"
      ],
      "settings": {
        "bg_color": "",
        "bg_gradient": false,
        "container": "container",
        "text_align": "text-start",
        "title": "WHAT CUSTOMERS LIKE YOU ARE SAYING",
        "title_size": "h2",
        "description": "<h4>40,000+ HAPPY CUSTOMERS<\/h4>",
        "description_size": "fs-6",
        "animation": "animate__fadeInRight",
        "animation_speed": "animate__fast",
        "breakpoint_xs_scroll": false,
        "breakpoint_xs": 1,
        "breakpoint_sm": 1,
        "breakpoint_md": 2,
        "breakpoint_lg": 2,
        "breakpoint_xl": 3,
        "breakpoint_xxl": 3,
        "pt": 12,
        "pb": 12,
        "mt": 0,
        "mb": 0
      }
    },
    "16724093711e2e0ee2": {
      "type": "apps",
      "blocks": {
        "d9c76e38-6b47-4a57-b566-8020923d7ba8": {
          "type": "shopify:\/\/apps\/product-reviews\/blocks\/reviews\/bae150af-8da8-48b2-9867-398188115e5f",
          "settings": {}
        }
      },
      "block_order": [
        "d9c76e38-6b47-4a57-b566-8020923d7ba8"
      ],
      "settings": {}
    },
    "697dbdef-8c3a-428d-aca8-6dd30501509e": {
      "type": "faq",
      "blocks": {
        "template--19183468740891__697dbdef-8c3a-428d-aca8-6dd30501509e-16868659145e12a531-0": {
          "type": "text",
          "settings": {
            "title": "Where do you ship?",
            "description": "<p>We ship all around the world... Please provide here you own shipping information, including times, prices, options etc.<\/p>",
            "img_orientation": "landscape",
            "img_crop": "center",
            "img_thumbnail": "img-thumbnail",
            "img_align_desktop": "flex-lg-row"
          }
        },
        "template--19183468740891__697dbdef-8c3a-428d-aca8-6dd30501509e-16868659145e12a531-1": {
          "type": "text",
          "settings": {
            "title": "How long will it take to receive my order",
            "description": "<p>This depends on whether it is an International or a Domestic order. All orders within the U.S. are considered domestic orders and they are shipped and delivered within 2-5 business days. Please see International Orders for more details.<\/p>",
            "img_orientation": "landscape",
            "img_crop": "center",
            "img_thumbnail": "img-thumbnail",
            "img_align_desktop": "flex-lg-row"
          }
        },
        "template--19183468740891__697dbdef-8c3a-428d-aca8-6dd30501509e-16868659145e12a531-2": {
          "type": "text",
          "settings": {
            "title": "What payment methods do you support?",
            "description": "<p>We accept PayPal, Visa, MasterCard, Discover, and American Express but feel free to contact us for other payment options.<\/p>",
            "img_orientation": "landscape",
            "img_crop": "center",
            "img_thumbnail": "img-thumbnail",
            "img_align_desktop": "flex-lg-row"
          }
        },
        "template--19183468740891__697dbdef-8c3a-428d-aca8-6dd30501509e-16868659145e12a531-3": {
          "type": "text",
          "settings": {
            "title": "How can I track my order?",
            "description": "<p>We will send tracking information to the e-mail address associated with your order once the item has shipped. If you have not received your tracking information and it has been over 2 business day, please contact us at (012) 123 - 4567<\/p>",
            "img_orientation": "landscape",
            "img_crop": "center",
            "img_thumbnail": "img-thumbnail",
            "img_align_desktop": "flex-lg-row"
          }
        },
        "template--19183468740891__697dbdef-8c3a-428d-aca8-6dd30501509e-16868659145e12a531-4": {
          "type": "text",
          "settings": {
            "title": "Can I order as a gift for someone else?",
            "description": "<p>When ordering as a gift for someone, be sure to enter in your email address to receive all summary information but enter in the recipient’s name and shipping information. We will be sure to keep all prices and receipts out of the package.<\/p>",
            "img_orientation": "landscape",
            "img_crop": "center",
            "img_thumbnail": "img-thumbnail",
            "img_align_desktop": "flex-lg-row"
          }
        },
        "template--19183468740891__697dbdef-8c3a-428d-aca8-6dd30501509e-16868659145e12a531-5": {
          "type": "text",
          "settings": {
            "title": "How can I get a refund for my order?",
            "description": "<p>If for any reason you are not completely satisfied with your purchase, within 30 days of placing your order, we will refund you for your purchase with no questions asked.<\/p>",
            "img_orientation": "landscape",
            "img_crop": "center",
            "img_thumbnail": "img-thumbnail",
            "img_align_desktop": "flex-lg-row"
          }
        }
      },
      "block_order": [
        "template--19183468740891__697dbdef-8c3a-428d-aca8-6dd30501509e-16868659145e12a531-0",
        "template--19183468740891__697dbdef-8c3a-428d-aca8-6dd30501509e-16868659145e12a531-1",
        "template--19183468740891__697dbdef-8c3a-428d-aca8-6dd30501509e-16868659145e12a531-2",
        "template--19183468740891__697dbdef-8c3a-428d-aca8-6dd30501509e-16868659145e12a531-3",
        "template--19183468740891__697dbdef-8c3a-428d-aca8-6dd30501509e-16868659145e12a531-4",
        "template--19183468740891__697dbdef-8c3a-428d-aca8-6dd30501509e-16868659145e12a531-5"
      ],
      "settings": {
        "bg_color": "bg-white text-body",
        "bg_gradient": false,
        "max_width": "",
        "accordion_style": "accordion-flush",
        "text_align": "text-center",
        "title": "FREQUENTLY ASKED QUESTIONS",
        "title_size": "h2",
        "description": "",
        "description_size": "fs-6",
        "img_orientation": "landscape",
        "img_crop": "center",
        "img_thumbnail": "img-thumbnail",
        "img_align_desktop": "flex-lg-row",
        "pt": 13,
        "pb": 14,
        "mt": 0,
        "mb": 0
      }
    },
    "88093d2a-cd01-45f3-a5b1-dcef9b3fa169": {
      "type": "image-with-text",
      "settings": {
        "bg_color": "bg-light text-body",
        "bg_gradient": false,
        "container": "container",
        "max_width": "",
        "text_align": "text-start",
        "animation": "animate__fadeInUp",
        "animation_speed": "animate__fast",
        "image": "shopify:\/\/shop_images\/odhd.png",
        "img_orientation": "square",
        "img_crop": "center",
        "img_thumbnail": "",
        "img_align_desktop": "flex-lg-row-reverse",
        "img_size_desktop": "1\/2",
        "title": "HAND-PACKED. QUALITY CHECKED.",
        "title_size": "h2",
        "subtitle": "",
        "subtitle_size": "fs-6",
        "description": "<p>With strategically positioned multiple pockets, these cargo pants provide abundant storage room for all your essential items. <\/p><p>The diverse pockets enable you to maintain organization and effortless accessibility to your belongings, eradicating the necessity for extra bags or cumbersome items in your hands. Be it your phone, wallet, keys, tools, or other small objects<strong>, these pants ensure that you are well-equipped.<\/strong><\/p>",
        "description_size": "fs-6",
        "btn_text": "",
        "btn_url": "",
        "btn_color": "btn-primary",
        "btn_size": "btn-md",
        "pt": 12,
        "pb": 12,
        "mt": 0,
        "mb": 0
      }
    },
    "5ca5d2db-2cba-4423-b260-a6a8749b20a8": {
      "type": "recommended-products",
      "settings": {
        "bg_color": "",
        "container": "container",
        "text_align": "text-start",
        "title": "CUSTOMERS ALSO BOUGHT",
        "title_size": "h3",
        "description": "",
        "description_size": "fs-6",
        "intent": "related",
        "limit": 4,
        "product_img_mode": "hover",
        "product_img_orientation": "square",
        "product_img_thumbnail": "",
        "product_show_sale_badge": true,
        "product_sale_badge_color": "bg-success text-white",
        "product_title_size": "h6",
        "product_title_truncate": "",
        "product_show_atc_form": true,
        "product_form_show_inventory": true,
        "carousel_arrows": true,
        "carousel_pagination": true,
        "carousel_easing": "cubic-bezier(.42,.65,.27,.99)",
        "carousel_speed": 400,
        "carousel_autoplay": false,
        "carousel_interval": 5,
        "carousel_per_move": "0",
        "carousel_rewind": true,
        "breakpoint_xs": 1,
        "breakpoint_sm": 2,
        "breakpoint_md": 2,
        "breakpoint_lg": 3,
        "breakpoint_xl": 4,
        "breakpoint_xxl": 4,
        "pt": 11,
        "pb": 11,
        "mt": 0,
        "mb": 0
      }
    }
  },
  "order": [
    "template-product",
    "19c680bf-faf9-4d74-9b07-ba4749b0f4dd",
    "730047f8-d7ea-46c2-93eb-8233e30596bd",
    "235f34e0-bc68-453f-aef5-b7dd76a7a8b0",
    "16724093711e2e0ee2",
    "697dbdef-8c3a-428d-aca8-6dd30501509e",
    "88093d2a-cd01-45f3-a5b1-dcef9b3fa169",
    "5ca5d2db-2cba-4423-b260-a6a8749b20a8"
  ]
}