{
  "current": {
    "color_primary": "#d5ae55",
    "color_secondary": "#7e22ce",
    "color_dark": "#212529",
    "color_light": "#f8f9fa",
    "color_body_bg": "#ffffff",
    "color_body_text": "#212529",
    "color_prefer_dark": false,
    "font_headings": "fjalla_one_n4",
    "font_headings_custom": "",
    "font_body": "sans-serif",
    "border_radius": "0",
    "buttons_bg_gradient": false,
    "offcanvas_header_bg": "bg-dark text-white",
    "offcanvas_header_title_size": "h5",
    "offcanvas_backdrop_opacity": 50,
    "offcanvas_backdrop_blur": true,
    "offcanvas_img_orientation": "square",
    "offcanvas_img_thumbnail": "img-thumbnail",
    "favicon": "shopify:\/\/shop_images\/ecomify-lite.png",
    "cart_goal_enable": true,
    "cart_goal_value": "100",
    "search_show_popular_products": true,
    "search_popular_products": [
      "ecomify-coffee-craze-cup",
      "ecomify-beauty-cleanser-kit",
      "ecomify-plain-pullover-hoodie",
      "ecomify-omni-shoes",
      "ecomify-next-level-pullover-hoodie",
      "ecomify-iphone-case",
      "ecomify-plain-t"
    ],
    "search_title_truncate": "text-truncate",
    "social_facebook": "",
    "social_twitter": "",
    "social_instagram": "",
    "social_pinterest": "",
    "social_tiktok": "https:\/\/www.tiktok.com\/@ecomgraduates?l",
    "social_snapchat": "",
    "social_youtube": "https:\/\/www.youtube.com\/channel\/UCghx1IWSYHlJFK2aiJRnlEA",
    "social_linkedin": "",
    "social_discord": "",
    "social_whatsapp": "",
    "social_phone": "",
    "color_swatches_show": true,
    "color_swatches_names": "Color, Colour, Material",
    "color_swatches_use_variant_images": false,
    "size_buttons_names": "Size, Sizes",
    "checkout_logo_image": "shopify:\/\/shop_images\/ecomify-lite.png",
    "checkout_logo_position": "center",
    "checkout_accent_color": "#d5ae55",
    "checkout_button_color": "#d5ae55",
    "cart_upsell_collection": "apparel",
    "cart_upsell_product_title_truncate": "text-truncate",
    "license_key": "9VIQD8W9-1T5KWAJBM-00DIA-05C0",
    "animations_on_scroll": true,
    "img_thumbnail": "img-thumbnail",
    "buttons_border_radius": "rounded-pill",
    "sections": {
      "navbar": {
        "type": "navbar",
        "settings": {
          "bg_color": "bg-white text-dark",
          "container": "container",
          "shadow": "shadow-sm",
          "logo_height_mobile": 42,
          "logo": "shopify:\/\/shop_images\/ecomify-logo-black.png",
          "logo_height_desktop": 52,
          "menu_mobile": "main-menu",
          "utilities_menu": "utilities-menu",
          "offcanvas_menu_show_social_icons": true,
          "menu_desktop": "main-menu",
          "pt": 3,
          "pb": 3
        }
      },
      "footer": {
        "type": "footer",
        "blocks": {
          "738cdbe4-d453-45ea-8940-aed81d08bf3b": {
            "type": "menu",
            "settings": {
              "menu": "shop",
              "title": "Shop",
              "title_size": "h6"
            }
          },
          "ac3b4c00-f362-4697-b848-3957315b3c61": {
            "type": "menu",
            "settings": {
              "menu": "company",
              "title": "Company",
              "title_size": "h6"
            }
          },
          "347c0c0a-1863-4236-a7ce-8cc6a91e5950": {
            "type": "menu",
            "settings": {
              "menu": "footer",
              "title": "Legal",
              "title_size": "h6"
            }
          },
          "3cda8bcc-909e-48bd-a7b7-2823ca9ea34b": {
            "type": "richtext",
            "settings": {
              "title": "Ecomify",
              "title_size": "h6",
              "description": "<p>Ecomify | Simplifying Ecommerce  <\/p>",
              "btn_text": "Learn more",
              "btn_url": "https:\/\/ecomgraduates.com\/products\/ecomify-premium-shopify-theme",
              "btn_color": "btn-primary",
              "btn_size": "btn-sm"
            }
          }
        },
        "block_order": [
          "738cdbe4-d453-45ea-8940-aed81d08bf3b",
          "ac3b4c00-f362-4697-b848-3957315b3c61",
          "347c0c0a-1863-4236-a7ce-8cc6a91e5950",
          "3cda8bcc-909e-48bd-a7b7-2823ca9ea34b"
        ],
        "settings": {
          "bg_color": "bg-dark text-white",
          "container": "container",
          "show_payment_icons": true,
          "show_social_icons": true,
          "show_powered_by": true,
          "show_about_area": true,
          "about_logo": "shopify:\/\/shop_images\/ecomify-logo-white.png",
          "about_logo_height": 50,
          "about_description": "<p>Ecomify | Simplifying Ecommerce  <\/p>",
          "about_phone_text": "+1-202-555-1234",
          "about_phone_url": "tel:+1-202-555-1234",
          "about_email_text": "email@mail.com",
          "about_email_url": "mailto:email@mail.com",
          "pt": 10,
          "pb": 6
        }
      },
      "template-cart": {
        "type": "template-cart",
        "settings": {
          "show_note": true,
          "mt": 10,
          "mb": 10
        }
      },
      "announcement-bar": {
        "type": "announcement-bar",
        "blocks": {
          "cf923d4e-4c36-46bb-ad52-64f13460006c": {
            "type": "Announcement",
            "settings": {
              "description": "<p>🔥 Download Ecomify Premium Theme Today.<\/p>",
              "url": "https:\/\/www.ecomgraduates.com"
            }
          },
          "70d481db-010f-4095-9699-df6cb2715aa5": {
            "type": "Announcement",
            "settings": {
              "description": "<p>📦 Free Shipping For All Orders Over $100.<\/p>",
              "url": "shopify:\/\/collections\/all"
            }
          }
        },
        "block_order": [
          "cf923d4e-4c36-46bb-ad52-64f13460006c",
          "70d481db-010f-4095-9699-df6cb2715aa5"
        ],
        "settings": {
          "show": true,
          "homepage": false,
          "bg_color": "bg-dark text-white",
          "max_width": "600",
          "font_size": "small",
          "text_transform": "text-capitalize",
          "controls": true,
          "autoplay": true,
          "pt": 3,
          "pb": 3
        }
      },
      "newsletter": {
        "type": "newsletter",
        "settings": {
          "bg_color": "bg-dark text-white",
          "container": "container",
          "max_width": "1000",
          "title": "Newsletter Subscribe",
          "title_size": "h3",
          "description": "<p>Subscribe to get updates about our latest offers and other important stuff. We usually send once per week.<\/p>",
          "description_size": "fs-6",
          "input_group_size": "",
          "btn_color": "btn-primary",
          "notice": "<p>By signing up for email, you agree to our <a href=\"#\" title=\"#\">Terms of Service<\/a> and <a href=\"#\" title=\"#\">Privacy Policy<\/a>.<\/p>",
          "pt": 11,
          "pb": 10,
          "mt": 0,
          "mb": 0
        }
      }
    },
    "content_for_index": [],
    "blocks": {
      "17151115064775110295": {
        "type": "shopify:\/\/apps\/recharge-subscriptions\/blocks\/recharge-theme\/371eed76-0b44-4869-9813-730372ea378e",
        "disabled": false,
        "settings": {
          "color_brand": "#467C99",
          "contrast_color": "#FFFFFF",
          "color_brand_secondary": "#467C99",
          "corners": "8px",
          "app_background": "#f9f8f4",
          "app_container": 1200,
          "app_vertical_padding": 32,
          "images_aspect_ratio": "1",
          "cards_background": "#FFFFFF",
          "cards_border_color": "rgba(0,0,0,0)"
        }
      }
    }
  }
}