{
  "type": "header",
  "name": "Header Group",
  "sections": {
    "announcement-bar": {
      "type": "announcement-bar",
      "blocks": {
        "cf923d4e-4c36-46bb-ad52-64f13460006c": {
          "type": "Announcement",
          "settings": {
            "description": "<p>🔥 Download EcomifyLite Premium Theme Today.<\/p>",
            "url": "https:\/\/ecomgraduates.com\/products\/ecomifylite-premium-shopify-theme"
          }
        },
        "70d481db-010f-4095-9699-df6cb2715aa5": {
          "type": "Announcement",
          "settings": {
            "description": "<p>📦 Free Shipping For All Orders Over $100.<\/p>",
            "url": "shopify:\/\/collections\/all"
          }
        }
      },
      "block_order": [
        "cf923d4e-4c36-46bb-ad52-64f13460006c",
        "70d481db-010f-4095-9699-df6cb2715aa5"
      ],
      "settings": {
        "show": true,
        "homepage": false,
        "sticky": false,
        "bg_color": "bg-dark text-white",
        "bg_gradient": false,
        "max_width": "1200",
        "font_size": "small",
        "text_transform": "text-capitalize",
        "animation": "animate__fadeInDown",
        "animation_speed": "animate__fast",
        "controls": true,
        "autoplay": true,
        "pt": 3,
        "pb": 3
      }
    },
    "navbar": {
      "type": "navbar",
      "settings": {
        "bg_color": "bg-white text-dark",
        "bg_gradient": false,
        "container": "container",
        "menu_type": "hamburger",
        "shadow": "shadow-sm",
        "layout_mobile": "navbar-mobile-with-search",
        "layout_desktop": "navbar-desktop-logo-left",
        "logo_mobile": "shopify:\/\/shop_images\/ecomifyecomking.png",
        "logo_height_mobile": 22,
        "logo": "shopify:\/\/shop_images\/ecomifyecomking.png",
        "logo_height_desktop": 42,
        "menu_mobile": "ecomifylite-mainmenu",
        "utilities_menu": "lite-utilitesmenu",
        "offcanvas_menu_show_social_icons": true,
        "menu_desktop": "ecomifylite-mainmenu",
        "menu_desktop_trigger": "menu-desktop-click",
        "pt": 3,
        "pb": 3
      }
    }
  },
  "order": [
    "announcement-bar",
    "navbar"
  ]
}